{"iter": 0, "train/loss": 10.981689453125, "val/loss": 10.979323387145996, "lr": 0.0, "mfu": -100.0, "_timestamp": 1720232199.4767966, "_runtime": 35.750330686569214, "_step": 0, "_wandb": {"runtime": 126}}