{"iter": 0, "train/loss": 10.981689453125, "val/loss": 10.979323387145996, "lr": 0.0, "mfu": -100.0, "_timestamp": 1720251985.5722668, "_runtime": 39.66463780403137, "_step": 0, "_wandb": {"runtime": 211}}