{"iter": 0, "train/loss": 10.981689453125, "val/loss": 10.979323387145996, "lr": 0.0, "mfu": -100.0, "_timestamp": 1720236166.6881394, "_runtime": 36.5653555393219, "_step": 0, "_wandb": {"runtime": 534}}