{"iter": 0, "train/loss": 10.981689453125, "val/loss": 10.979323387145996, "lr": 0.0, "mfu": -100.0, "_timestamp": 1720276593.4071474, "_runtime": 37.532705307006836, "_step": 0, "_wandb": {"runtime": 585}}