{"iter": 0, "train/loss": 10.981679916381836, "val/loss": 10.979328155517578, "lr": 0.0, "mfu": -100.0, "_timestamp": 1720279870.281266, "_runtime": 38.85720491409302, "_step": 0, "_wandb": {"runtime": 38}}