{"iter": 0, "train/loss": 10.981689453125, "val/loss": 10.979323387145996, "lr": 0.0, "mfu": -100.0, "_timestamp": 1720228149.898895, "_runtime": 36.35024094581604, "_step": 0, "_wandb": {"runtime": 142}}