{"iter": 0, "train/loss": 10.981679916381836, "val/loss": 10.979328155517578, "lr": 0.0, "mfu": -100.0, "_timestamp": 1720277560.1463032, "_runtime": 37.77113628387451, "_step": 0, "_wandb": {"runtime": 36}}