{"iter": 0, "train/loss": 10.981689453125, "val/loss": 10.979323387145996, "lr": 0.0, "mfu": -100.0, "_timestamp": 1720251898.7578466, "_runtime": 38.70830965042114, "_step": 0, "_wandb": {"runtime": 61}}