{"iter": 0, "train/loss": 10.981689453125, "val/loss": 10.979323387145996, "lr": 0.0, "mfu": -100.0, "_timestamp": 1720232418.6687691, "_runtime": 36.260722160339355, "_step": 0, "_wandb": {"runtime": 535}}