{"iter": 250, "train/loss": 4.436304092407227, "val/loss": 5.091611385345459, "lr": 7.5e-05, "mfu": -100.0, "_timestamp": 1720379196.0792627, "_runtime": 71.07832074165344, "_step": 0, "_wandb": {"runtime": 492}}