{"iter": 0, "train/loss": 11.004020690917969, "val/loss": 10.997654914855957, "lr": 0.0, "mfu": -100.0, "_timestamp": 1720225756.3264992, "_runtime": 310.4397222995758, "_step": 0, "_wandb": {"runtime": 333}}