{"iter": 250, "train/loss": 4.436304092407227, "val/loss": 5.091611385345459, "lr": 7.5e-05, "mfu": -100.0, "_timestamp": 1720381042.9114397, "_runtime": 59.91858959197998, "_step": 0}