{"iter": 250, "train/loss": 1.9666509628295898, "val/loss": 2.074826717376709, "lr": 0.0009979206008271391, "mfu": -100.0, "_timestamp": 1720184876.0964165, "_runtime": 21.070677518844604, "_step": 0, "_wandb": {"runtime": 38}}