{"iter": 0, "train/loss": 10.981689453125, "val/loss": 10.979323387145996, "lr": 0.0, "mfu": -100.0, "_timestamp": 1720233485.933371, "_runtime": 36.790444135665894, "_step": 0, "_wandb": {"runtime": 1841}}