{"iter": 250, "train/loss": 4.406093120574951, "val/loss": 5.099376201629639, "lr": 7.5e-05, "mfu": 0.4288430208551389, "_timestamp": 1720270422.1469254, "_runtime": 18211.00896835327, "_step": 1}